{"cameraMode":{"drawMode":0,"name":"Shaded","section":"Shading Mode"},"sceneLighting":false,"audioPlay":false,"sceneViewState":{"m_AlwaysRefresh":false,"showFog":true,"showSkybox":false,"showFlares":true,"showImageEffects":true,"showParticleSystems":true,"showVisualEffectGraphs":true,"m_FxEnabled":true},"in2DMode":false,"pivot":{"x":12.800000190734864,"y":0.03999999910593033,"z":7.560000419616699},"rotation":{"x":-0.09006138145923615,"y":0.6561905145645142,"z":-0.07933441549539566,"w":-0.7450091242790222},"size":20.124364852905275,"orthographic":false}