{"cameraMode":{"drawMode":0,"name":"Shaded","section":"Shading Mode"},"sceneLighting":true,"audioPlay":false,"sceneViewState":{"m_AlwaysRefresh":false,"showFog":true,"showSkybox":true,"showFlares":true,"showImageEffects":true,"showParticleSystems":true,"showVisualEffectGraphs":true,"m_FxEnabled":true},"in2DMode":false,"pivot":{"x":40.429351806640628,"y":1.9300193786621094,"z":38.32435607910156},"rotation":{"x":-0.02130715176463127,"y":0.00509442575275898,"z":-0.00012760474055539817,"w":-0.999779999256134},"size":27.049760818481447,"orthographic":false}